{
  "ml_classifier_xgb": {
    "feature_importance": {
      "volume_momentum": 0.10749586768034386,
      "adx": 0.10277313245632014,
      "ema_12": 0.09532380126008404,
      "rsi_14": 0.08811533917544905,
      "macd_hist": 0.0865878366500731,
      "roc_10": 0.08476790808446244,
      "bb_width": 0.08414077907069696,
      "atr_ratio": 0.08303825470910993,
      "obv": 0.07435865050169344,
      "macd": 0.07308648651743103,
      "macd_signal": 0.06341588380882404,
      "sma_20": 0.05689606008551191
    },
    "top_features": [
      [
        "volume_momentum",
        0.10749586768034386
      ],
      [
        "adx",
        0.10277313245632014
      ],
      [
        "ema_12",
        0.09532380126008404
      ],
      [
        "rsi_14",
        0.08811533917544905
      ],
      [
        "macd_hist",
        0.0865878366500731
      ],
      [
        "roc_10",
        0.08476790808446244
      ],
      [
        "bb_width",
        0.08414077907069696
      ],
      [
        "atr_ratio",
        0.08303825470910993
      ],
      [
        "obv",
        0.07435865050169344
      ],
      [
        "macd",
        0.07308648651743103
      ]
    ],
    "model_type": "GradientBoostingClassifier"
  }
}